{
    "custom": false,
    "name": "simple",
    "region_max": 88,
    "regions": {
        "2": {
            "center": [
                1030.9767960951142,
                258.80115620533564
            ],
            "data": {},
            "weight": 225392
        },
        "3": {
            "center": [
                514.636452074392,
                197.86140200286124
            ],
            "data": {},
            "weight": 17475
        },
        "4": {
            "center": [
                709.3251219942383,
                162.21529778352638
            ],
            "data": {},
            "weight": 17009
        },
        "5": {
            "center": [
                583.5378187356008,
                222.75059549377173
            ],
            "data": {},
            "weight": 25609
        },
        "6": {
            "center": [
                194.45946632781872,
                105.65946632782166
            ],
            "data": {},
            "weight": 3931
        },
        "8": {
            "center": [
                1232.1610572487114,
                382.88387952945607
            ],
            "data": {},
            "weight": 27126
        },
        "9": {
            "center": [
                278.7560975609756,
                197.35365853658536
            ],
            "data": {},
            "weight": 82
        },
        "11": {
            "center": [
                335.8222222222222,
                251.57777777777778
            ],
            "data": {},
            "weight": 45
        },
        "12": {
            "center": [
                647.9027777777778,
                258.65277777777777
            ],
            "data": {},
            "weight": 72
        },
        "13": {
            "center": [
                742.0529436679374,
                291.996611605252
            ],
            "data": {},
            "weight": 2361
        },
        "14": {
            "center": [
                690.8490566037735,
                290.9622641509434
            ],
            "data": {},
            "weight": 53
        },
        "15": {
            "center": [
                264.98358442296757,
                432.52750142126206
            ],
            "data": {},
            "weight": 14072
        },
        "16": {
            "center": [
                692.6752136752136,
                306.37606837606836
            ],
            "data": {},
            "weight": 117
        },
        "17": {
            "center": [
                738.3423885187084,
                343.96565863659663
            ],
            "data": {},
            "weight": 3902
        },
        "19": {
            "center": [
                632.0666666666667,
                337.30833333333334
            ],
            "data": {},
            "weight": 120
        },
        "20": {
            "center": [
                476.58692098092644,
                376.9901907356948
            ],
            "data": {},
            "weight": 1835
        },
        "21": {
            "center": [
                508.8333333333333,
                347.8333333333333
            ],
            "data": {},
            "weight": 6
        },
        "22": {
            "center": [
                812.6754793724579,
                432.6480970366066
            ],
            "data": {},
            "weight": 13768
        },
        "23": {
            "center": [
                730.1709302325581,
                390.0220930232558
            ],
            "data": {},
            "weight": 4300
        },
        "24": {
            "center": [
                166.31724820588963,
                429.8866617173967
            ],
            "data": {},
            "weight": 4041
        },
        "25": {
            "center": [
                204.20026702269692,
                392.958611481976
            ],
            "data": {},
            "weight": 749
        },
        "26": {
            "center": [
                519.6675257731958,
                396.71907216494844
            ],
            "data": {},
            "weight": 388
        },
        "27": {
            "center": [
                493.03973509933775,
                403.4370860927152
            ],
            "data": {},
            "weight": 151
        },
        "28": {
            "center": [
                689.9814814814815,
                412.84143518518516
            ],
            "data": {},
            "weight": 864
        },
        "29": {
            "center": [
                575.0555555555555,
                409.6666666666667
            ],
            "data": {},
            "weight": 18
        },
        "30": {
            "center": [
                513.3181818181819,
                418.89772727272725
            ],
            "data": {},
            "weight": 88
        },
        "31": {
            "center": [
                486.5474575007456,
                536.8682150313152
            ],
            "data": {},
            "weight": 26824
        },
        "32": {
            "center": [
                663.693367084263,
                495.89994851553115
            ],
            "data": {},
            "weight": 23308
        },
        "34": {
            "center": [
                548.030303030303,
                427.969696969697
            ],
            "data": {},
            "weight": 33
        },
        "35": {
            "center": [
                901.9156040684694,
                551.7384023815431
            ],
            "data": {},
            "weight": 40310
        },
        "36": {
            "center": [
                397.74015748031496,
                490.0506186726659
            ],
            "data": {},
            "weight": 2667
        },
        "38": {
            "center": [
                372.89043133366386,
                540.2855726326227
            ],
            "data": {},
            "weight": 2017
        },
        "39": {
            "center": [
                311.4621158406885,
                665.9395369306374
            ],
            "data": {},
            "weight": 40901
        },
        "40": {
            "center": [
                586.3870641738251,
                574.192353040256
            ],
            "data": {},
            "weight": 5937
        },
        "41": {
            "center": [
                397.12389380530976,
                570.7256637168142
            ],
            "data": {},
            "weight": 113
        },
        "42": {
            "center": [
                673.7706876456876,
                601.6515151515151
            ],
            "data": {},
            "weight": 3432
        },
        "43": {
            "center": [
                865.4168564920274,
                620.0205011389521
            ],
            "data": {},
            "weight": 2195
        },
        "44": {
            "center": [
                801.2870426409904,
                677.8407702888583
            ],
            "data": {},
            "weight": 18175
        },
        "45": {
            "center": [
                564.5897065897066,
                643.5622895622896
            ],
            "data": {},
            "weight": 6237
        },
        "46": {
            "center": [
                677.1197960917588,
                650.8493344661568
            ],
            "data": {},
            "weight": 7062
        },
        "47": {
            "center": [
                431.4708656113169,
                667.5887504210172
            ],
            "data": {},
            "weight": 2969
        },
        "48": {
            "center": [
                1250.7977528089887,
                681.6762830245976
            ],
            "data": {},
            "weight": 3293
        },